Strategy Name,Number of Trades,Average Profit %,Total Profit %,Net Profit USDT,Net Profit %,Average Duration,Win/Draw/Loss Win%,Drawdown
ADXMomentum,1501,0.01,19.24,-1043.943,-10.44,24.3167 hours,1443     0    58  96.1,5010.164 USDT  41.28%
ADX_15M_USDT2,363,-0.52,-189.14,-3426.513,-34.27,72.3833 hours,90   256    17  24.8,4670.403 USDT  42.30%
ADX_15M_USDT,216,-1.18,-254.77,-4036.073,-40.36,24.1167 hours,37   152    27  17.1,4094.087 USDT  40.94%
ASDTSRockwellTrading,1604,0.34,552.51,14640.944,146.41,24.5 hours,1308     0   296  81.5,16643.929 USDT  46.47%
ActionZone,306,10.88,3329.39,3647.798,36.48,360.6 hours,100     0   206  32.7,337.2 USDT  2.54%
AdxSmas,387,-0.08,-31.07,-3368.047,-33.68,240.433 hours,236     0   151  61.0,13232.777 USDT  73.67%
AlligatorStrat,546,1.10,600.48,15483.611,154.84,120.817 hours,288     0   258  52.7,11752.335 USDT  36.83%
AlligatorStrategy,41,71.86,2946.07,68995.415,689.95,2160.93 hours,16     0    25  39.0,9775.748 USDT  18.86%
AlwaysBuy,876,-3.41,-2987.20,-9980.052,-99.80,23.8833 hours,187     0   689  21.3,10324.769 USDT  99.81%
Apollo11,149,-0.99,-147.32,-2864.498,-28.64,96.7167 hours,69     0    80  46.3,4991.434 USDT  47.85%
AverageStrategy,263,4.30,1130.03,37085.634,370.86,360.017 hours,85     0   178  32.3,60408.504 USDT  66.76%
AwesomeMacd,138,2.20,303.37,7017.104,70.17,264.517 hours,95     0    43  68.8,3241.554 USDT  17.96%
BBRSI21,14,5.11,71.53,1488.904,14.89,24 hours,4    10     0   100,0 USDT  0.00%
BBRSI2,247,-2.20,-543.38,-6772.090,-67.72,48.1833 hours,53   152    42  21.5,7074.244 USDT  68.73%
BBRSI3366,345,-0.46,-158.25,-3583.474,-35.83,48.3333 hours,83   200    62  24.1,4865.776 USDT  43.48%
BBRSI4cust,192,-1.40,-268.44,-4170.214,-41.70,6.63333 hours,160     0    32  83.3,4290.937 USDT  42.73%
BBRSINaiveStrategy,484,-1.16,-560.73,-6858.324,-68.58,23.1 hours,349     0   135  72.1,8489.633 USDT  74.46%
BBRSIOptim2020Strategy,99,0.42,41.36,388.039,3.88,48.5833 hours,29    62     8  29.3,2757.598 USDT  21.73%
BBRSIOptimStrategy,373,-0.80,-299.82,-5182.377,-51.82,72.5 hours,86   265    22  23.1,5877.934 USDT  55.36%
BBRSIOptimizedStrategy,99,1.06,105.17,1923.671,19.24,48.55 hours,32    61     6  32.3,2462.515 USDT  17.61%
BBRSIStrategy,902,-1.13,-1022.97,-9231.269,-92.31,72.2833 hours,195   658    49  21.6,10102.765 USDT  93.34%
BBRSITV,140,1.68,235.18,4492.783,44.93,264 hours,105     0    35  75.0,3143.729 USDT  21.98%
BBRSIoriginal,98,1.27,124.70,2521.797,25.22,96.4333 hours,40    54     4  40.8,2339.459 USDT  15.90%
BBRSIv2,18,2.21,39.84,810.645,8.11,408.667 hours,11     0     7  61.1,100.757 USDT  1.00%
BB_RPB_TSL_RNG,622,0.10,59.66,86.683,0.87,24.3167 hours,201     0   421  32.3,8449.408 USDT  47.96%
BB_RPB_TSL_RNG_2,622,0.11,65.35,204.300,2.04,24.5167 hours,201     0   421  32.3,8366.668 USDT  47.49%
BB_RPB_TSL_RNG_TBS,622,0.10,59.66,86.683,0.87,24.3167 hours,201     0   421  32.3,8449.408 USDT  47.96%
BB_RPB_TSL_RNG_TBS_GOLD,857,-1.25,-1071.66,-8850.580,-88.51,6.05 hours,139     0   718  16.2,9149.134 USDT  88.90%
BB_RPB_TSL_RNG_VWAP,564,-0.75,-421.00,-6159.922,-61.60,24.6333 hours,134     0   430  23.8,7101.589 USDT  67.18%
BB_RSI,1192,-2.60,-3095.14,-9978.610,-99.79,7 hours,19   214   959   1.6,9957.54 USDT  99.79%
BB_Strategy04,183,0.41,75.59,564.852,5.65,72.7833 hours,98    70    15  53.6,7334.424 USDT  43.33%
BBandsRSI,209,-1.45,-303.11,-4566.115,-45.66,3.1 hours,0   189    20     0,4566.115 USDT  45.66%
BBands,4055,-0.69,-2813.94,-9967.158,-99.67,12.7333 hours,2085     0  1970  51.4,9927.531 USDT  99.69%
BBlower,7,-1.79,-12.51,-248.711,-2.49,48 hours,2     4     1  28.6,279.093 USDT  2.79%
Babico_SMA5xBBmid,43,50.29,2162.31,123344.578,1233.45,4968.7 hours,38     0     5  88.4,95991.914 USDT  41.86%
Bandtastic,1002,-1.34,-1339.14,-9571.270,-95.71,72.8333 hours,150   630   222  15.0,10523.655 USDT  96.10%
BbandRsiRolling,430,-1.40,-602.14,-7066.762,-70.67,13.4 hours,241    34   155  56.0,7701.568 USDT  73.65%
BbandRsi,106,2.90,307.24,7154.932,71.55,216.667 hours,85     0    21  80.2,4133.467 USDT  24.99%
BinHV27,26,12.99,337.85,8696.703,86.97,1320.15 hours,19     0     7  73.1,1642.918 USDT  8.63%
BinHV45HO,300,-0.81,-243.21,-3985.490,-39.85,20.3167 hours,269     0    31  89.7,4323.541 USDT  42.55%
BinHV45,40,-0.65,-26.18,-512.329,-5.12,1.8 hours,28     0    12  70.0,409.473 USDT  4.14%
BreakEven,0,0.00,0.00,0,0.00,0 hours,0     0     0     0,0 USDT  0.00%
BuyAllSellAllStrategy,7155,-0.20,-1429.57,-9411.563,-94.12,0 hours,0     0  7155     0,9407.603 USDT  94.11%
BuyOnly,13,1.29,16.81,334.651,3.35,24.4667 hours,12     0     1  92.3,211.989 USDT  2.01%
CCIStrategy,0,0.00,0.00,0,0.00,0 hours,0     0     0     0,0 USDT  0.00%
CMCWinner,42,-1.93,-81.19,-1501.523,-15.02,9.71667 hours,10     9    23  23.8,1700.019 USDT  16.83%
Cci,232,-1.23,-284.89,-4722.510,-47.23,48.8333 hours,59   143    30  25.4,5223.092 USDT  49.88%
Chandem,209,-0.48,-100.90,-2574.146,-25.74,144.233 hours,90    93    26  43.1,5748.193 USDT  46.22%
Chandemtwo,184,0.11,20.51,-323.365,-3.23,168.133 hours,66   103    15  35.9,3421.711 USDT  31.24%
Chispei,1323,0.45,593.62,12591.489,125.91,48.75 hours,795   283   245  60.1,50236.412 USDT  75.91%
Cluc7werk,417,-1.79,-748.21,-7736.372,-77.36,0.116667 hours,0     2   415     0,7694.378 USDT  77.27%
ClucFiatROI,223,-0.38,-84.04,-1936.446,-19.36,72.5833 hours,128    82    13  57.4,3022.994 USDT  27.36%
ClucFiatSlow,223,-0.38,-84.04,-1936.446,-19.36,72.5833 hours,128    82    13  57.4,3022.994 USDT  27.36%
ClucMay72018,419,-1.76,-735.84,-7698.532,-76.99,2.8 hours,232     0   187  55.4,7817.918 USDT  77.26%
CofiBitStrategy,110,-1.16,-127.72,-2752.163,-27.52,72.3667 hours,78     0    32  70.9,3598.158 USDT  34.90%
CombinedBinHAndCluc2021Bull,544,-1.50,-818.46,-8083.943,-80.84,6.93333 hours,410     0   134  75.4,8244.002 USDT  81.79%
CombinedBinHAndCluc2021,478,-1.43,-684.81,-7546.704,-75.47,18.7833 hours,144   181   153  30.1,7625.437 USDT  75.98%
CombinedBinHAndClucHyperV0,547,-2.16,-1179.47,-9068.821,-90.69,7.98333 hours,42     0   505   7.7,9098.421 USDT  91.04%
CombinedBinHAndClucHyperV3,510,-2.21,-1126.29,-8948.968,-89.49,6.16667 hours,40     0   470   7.8,9209.101 USDT  90.11%
CombinedBinHAndClucV3,426,-1.36,-580.01,-6963.128,-69.63,19.8333 hours,103     0   323  24.2,7236.485 USDT  70.91%
CombinedBinHAndClucV4,470,-1.09,-511.74,-6442.810,-64.43,13.0667 hours,82     0   388  17.4,6721.34 USDT  65.86%
CombinedBinHAndClucV5Hyperoptable,470,-1.10,-517.23,-6481.200,-64.81,13.0167 hours,82     0   388  17.4,6756.232 USDT  66.20%
CombinedBinHAndClucV5,470,-1.10,-517.23,-6481.200,-64.81,13.0167 hours,82     0   388  17.4,6756.232 USDT  66.20%
CombinedBinHAndCluc,518,-0.76,-395.45,-5588.008,-55.88,22.6167 hours,225     0   293  43.4,6302.661 USDT  60.01%
Combined_Indicators,471,-1.62,-762.36,-7837.927,-78.38,6.73333 hours,293     0   178  62.2,8124.526 USDT  79.34%
CrossEMAStrategy,95,26.97,2561.87,86931.218,869.31,1368.7 hours,33     0    62  34.7,62869.71 USDT  57.69%
CustomStoplossWithPSAR,65,88.55,5755.66,284075.806,2840.76,3432.67 hours,22     0    43  33.8,51536.568 USDT  41.66%
DCBBBounce,1,0.00,0.00,0.000,0.00,24 hours,0     1     0     0,0 USDT  0.00%
DD,364,-0.74,-268.18,-4549.325,-45.49,48.9167 hours,64   165   135  17.6,4900.038 USDT  47.94%
DIV_v1,21,1.36,28.64,582.989,5.83,14.85 hours,17     3     1  81.0,4 USDT  0.04%
DevilStra,446,1.18,525.30,9535.668,95.36,192.967 hours,199   185    62  44.6,32490.433 USDT  72.24%
Diamond,78,-0.62,-48.18,-932.364,-9.32,72.9167 hours,14    55     9  17.9,1014.007 USDT  10.13%
Divergences,309,-0.52,-160.74,-3281.188,-32.81,72.15 hours,131     0   178  42.4,4785.146 USDT  46.76%
Dracula,35,8.96,313.54,5976.389,59.76,456.75 hours,20     0    15  57.1,2605.176 USDT  14.92%
EMA50,453,-1.51,-684.51,-7680.330,-76.80,96.15 hours,82   342    29  18.1,8366.198 USDT  78.32%
EMABBRSI,278,-1.26,-350.15,-5197.912,-51.98,48.85 hours,52   193    33  18.7,5313.547 USDT  53.14%
EMABreakout,189,-0.56,-106.25,-2157.468,-21.57,96.3833 hours,39   141     9  20.6,3762.971 USDT  32.43%
EMASkipPump,488,-0.59,-287.45,-4768.519,-47.69,48.3 hours,150     0   338  30.7,6524.823 USDT  57.54%
EMAVolume,110,4.28,471.20,9815.487,98.15,624.733 hours,43     0    67  39.1,12708.367 USDT  48.85%
EMA_CROSSOVER_STRATEGY,105,0.10,10.41,162.585,1.63,24.6333 hours,83     0    22  79.0,791.511 USDT  7.51%
EXPERIMENTAL_STRATEGY,357,-0.98,-348.20,-5128.585,-51.29,15.1333 hours,157   108    92  44.0,5406.816 USDT  54.07%
ElliotV2,789,-0.71,-560.57,-7925.513,-79.26,72.8833 hours,600     0   189  76.0,8711.992 USDT  85.95%
ElliotV4,197,1.55,305.99,4902.166,49.02,816.033 hours,128    64     5  65.0,20349.826 USDT  57.73%
ElliotV531,1945,-1.31,-2553.42,-9956.943,-99.57,15.6667 hours,323     0  1622  16.6,9940.465 USDT  99.58%
ElliotV5HOMod2,222,2.19,485.93,12236.950,122.37,696.033 hours,217     0     5  97.7,21146.843 USDT  48.74%
ElliotV5HOMod3,969,-0.91,-885.43,-8676.706,-86.77,72.2333 hours,344     0   625  35.5,8785.05 USDT  88.93%
ElliotV5HO,921,-0.42,-390.48,-7048.297,-70.48,72.9833 hours,602   184   135  65.4,11864.601 USDT  83.50%
ElliotV8HO,870,-0.07,-63.14,-2519.285,-25.19,24.6667 hours,764     0   106  87.8,8060.215 USDT  55.89%
ElliotV8_original,808,0.19,153.17,799.959,8.00,48.75 hours,495   271    42  61.3,10625.988 USDT  52.46%
ElliotV8_original_ichiv2,893,0.04,33.13,-1450.344,-14.50,48.1667 hours,787     0   106  88.1,7726.313 USDT  61.52%
ElliotV8_original_ichiv3,1408,-2.11,-2970.35,-9978.760,-99.79,10.0667 hours,794     0   614  56.4,10168.853 USDT  99.79%
Elliotv8,845,-0.24,-205.25,-4702.980,-47.03,24 hours,514   269    62  60.8,9603.961 USDT  66.31%
FRAYSTRAT,2556,-0.04,-100.90,-4744.586,-47.45,24.4333 hours,1832     0   724  71.7,16279.391 USDT  83.02%
FastSupertrendOpt,1202,0.54,650.35,15389.026,153.89,72.35 hours,670   426   106  55.7,34176.824 USDT  68.95%
FastSupertrend,1202,0.54,650.35,15389.026,153.89,72.35 hours,670   426   106  55.7,34176.824 USDT  68.95%
FixedRiskRewardLoss,6,771.57,4629.43,90457.708,904.58,37776 hours,5     0     1  83.3,0 USDT  0.00%
FrostAuraM115mStrategy,375,-0.82,-308.54,-5263.382,-52.63,72.9167 hours,88   257    30  23.5,5908.479 USDT  55.65%
FrostAuraM11hStrategy,330,0.11,36.58,-892.156,-8.92,120.917 hours,191   122    17  57.9,7494.774 USDT  46.78%
FrostAuraM21hStrategy,594,0.07,40.19,-604.982,-6.05,48.7333 hours,200   294   100  33.7,8032.788 USDT  54.53%
FrostAuraM315mStrategy,84,1.45,121.45,2550.599,25.51,120.85 hours,28    54     2  33.3,1103.278 USDT  8.17%
FrostAuraM31hStrategy,86,3.65,313.51,8315.903,83.16,192.067 hours,43    40     3  50.0,1923.716 USDT  9.70%
GodCard,10,-3.77,-37.68,-727.004,-7.27,9.6 hours,2     3     5  20.0,839.68 USDT  8.40%
GodStraNew40,5,543.73,2718.65,53882.723,538.83,40320.6 hours,5     0     0   100,0 USDT  0.00%
GodStraNew,4,155.32,621.26,12313.635,123.14,31104 hours,3     0     1  75.0,1689.668 USDT  7.28%
GodStraNew_SMAonly,71,0.47,33.37,681.026,6.81,168.633 hours,13    58     0   100,0 USDT  0.00%
GodStra,32,4.90,156.65,3453.201,34.53,288 hours,23     6     3  71.9,1646.286 USDT  13.24%
Guacamole,323,-1.18,-381.42,-6399.838,-64.00,432.65 hours,77     0   246  23.8,6829.86 USDT  65.48%
Hacklemore2,128,-1.28,-163.74,-4144.345,-41.44,888.867 hours,83    40     5  64.8,6709.05 USDT  53.40%
Hacklemore3,158,-0.46,-72.19,-3092.175,-30.92,816.333 hours,153     0     5  96.8,8751.17 USDT  55.89%
HansenSmaOffsetV1,92,7.23,665.13,12420.128,124.20,1416.22 hours,57     0    35  62.0,18352.381 USDT  57.46%
Heracles,18,0.87,15.73,315.169,3.15,120 hours,7    11     0   100,0 USDT  0.00%
HourBasedStrategy,0,0.00,0.00,0,0.00,0 hours,0     0     0     0,0 USDT  0.00%
HyperStra_GSN_SMAOnly,152,-1.39,-210.70,-3446.180,-34.46,19.1 hours,37    55    60  24.3,3471.01 USDT  34.76%
HyperStra_SMAOnly,152,-1.39,-210.70,-3446.180,-34.46,19.1 hours,37    55    60  24.3,3471.01 USDT  34.76%
INSIDEUP,393,1.99,781.02,24884.068,248.84,504.733 hours,342    46     5  87.0,49676.563 USDT  58.75%
Ichess,234,3.82,894.68,25872.982,258.73,384.467 hours,124     3   107  53.0,37571.689 USDT  63.91%
Ichi,214,-0.46,-97.85,-1876.563,-18.77,24.4833 hours,164    37    13  76.6,2702.753 USDT  26.19%
Ichimoku,159,-0.45,-71.28,-1456.655,-14.57,24.4833 hours,127     0    32  79.9,2306.068 USDT  22.47%
Ichimoku_v12,258,3.82,984.44,49265.603,492.66,768.833 hours,253     0     5  98.1,54409.515 USDT  47.86%
Ichimoku_v30,10,182.02,1820.18,35096.495,350.96,19176.4 hours,7     0     3  70.0,4405.433 USDT  8.98%
Ichimoku_v32,25,135.46,3386.52,75297.593,752.98,6528.77 hours,12     0    13  48.0,12958.485 USDT  27.11%
Ichimoku_v33,116,6.60,765.06,26439.542,264.40,216.233 hours,51     0    65  44.0,4352.478 USDT  15.62%
JustROCR3,2795,-1.11,-3100.12,-9978.587,-99.79,0 hours,0     0  2795     0,9954.923 USDT  99.79%
JustROCR5,1836,-0.57,-1042.48,-8748.994,-87.49,1 hours,182     0  1654   9.9,9020.614 USDT  87.96%
JustROCR6,443,-0.64,-284.02,-4321.160,-43.21,0 hours,39     0   404   8.8,4423.042 USDT  44.09%
JustROCR,571,1.80,1029.39,23937.628,239.38,216.717 hours,259     0   312  45.4,61312.695 USDT  75.08%
KAMACCIRSI,305,0.52,158.16,3073.446,30.73,72.5167 hours,81   210    14  26.6,6452.79 USDT  37.16%
KC_BB,39,-3.82,-149.11,-3185.647,-31.86,504.617 hours,21     0    18  53.8,4298.242 USDT  41.26%
Kamaflage,181,3.14,568.76,13764.766,137.65,792.283 hours,176     0     5  97.2,29960.66 USDT  55.77%
Leveraged,1,-5.11,-5.11,-101.314,-1.01,0 hours,0     0     1     0,0 USDT  0.00%
Low_BB,285,-0.41,-116.74,-2419.474,-24.19,48.6833 hours,7     0   278   2.5,5073.806 USDT  40.10%
LuxOSC,22,17.10,376.09,2335.845,23.36,3744.45 hours,16     0     6  72.7,15572.74 USDT  58.24%
MACDCCI,35,286.80,10038.02,42656.646,426.57,4440.4 hours,6     0    29  17.1,81555.973 USDT  69.67%
MACDRSI200,37,-0.54,-20.04,-397.857,-3.98,11.6833 hours,18     2    17  48.6,416.038 USDT  4.16%
MACDStrategy,356,-0.21,-74.07,-2330.615,-23.31,72.95 hours,335     0    21  94.1,5412.361 USDT  43.35%
MACDStrategy_crossed,58,1.08,62.57,1292.041,12.92,48.2 hours,57     0     1  98.3,643.478 USDT  5.97%
MACD_EMA,215,-0.04,-8.12,-677.721,-6.78,72.6333 hours,193     0    22  89.8,4353.556 USDT  34.98%
MACD_TRIPLE_MA,33,-1.59,-52.33,-990.472,-9.90,10.1833 hours,6     6    21  18.2,927.876 USDT  9.34%
MACD_TRI_EMA,434,-1.38,-597.03,-6969.440,-69.69,14.3167 hours,76   101   257  17.5,6914.669 USDT  69.59%
MAC,31,53.48,1657.94,34453.764,344.54,1680.17 hours,9     0    22  29.0,11180.684 USDT  33.47%
MFI,54,-1.12,-60.25,-1172.660,-11.73,24.45 hours,37     0    17  68.5,1329.029 USDT  13.16%
Macd,546,4.16,2272.43,170610.734,1706.11,240.733 hours,184     0   362  33.7,99501.885 USDT  55.83%
MarketChyperHyperStrategy,182,0.34,62.70,1146.329,11.46,48.85 hours,55   108    19  30.2,1785.344 USDT  14.82%
Maro4hMacdSd,229,-0.20,-45.91,-984.983,-9.85,24.6833 hours,47   173     9  20.5,2127.988 USDT  19.34%
Martin,89,0.49,43.51,858.422,8.58,24.3833 hours,76     0    13  85.4,846.825 USDT  7.64%
MiniLambo,705,-1.82,-1283.43,-9258.468,-92.58,7.05 hours,162     0   543  23.0,9220.814 USDT  92.56%
Minmax,186,1.27,235.90,413.069,4.13,264.167 hours,18     0   168   9.7,10316.946 USDT  71.35%
Momentumv2,236,0.62,145.31,2823.756,28.24,48.4167 hours,105    16   115  44.5,2451.14 USDT  18.34%
MontrealStrategy,343,-1.33,-454.80,-6428.629,-64.29,48.75 hours,81   231    31  23.6,6968.955 USDT  66.25%
MostOfAll,286,-0.84,-238.90,-3892.333,-38.92,16.45 hours,34    69   183  11.9,4256.707 USDT  41.32%
MultiMA_TSL3,515,-2.05,-1054.71,-8866.716,-88.67,24.1 hours,95     0   420  18.4,8899.816 USDT  89.04%
MultiMA_TSL3_Mod,34,-2.01,-68.19,-1284.457,-12.84,48.5833 hours,8     0    26  23.5,1073.06 USDT  11.06%
MultiMa,456,0.99,452.52,8895.233,88.95,120.217 hours,192   222    42  42.1,12313.538 USDT  43.93%
MultiOffsetLamboV0,230,-1.79,-411.66,-7213.891,-72.14,336.55 hours,175     0    55  76.1,8643.324 USDT  78.44%
NormalizerStrategyHO2,179,-0.40,-72.32,-1417.091,-14.17,24.3 hours,57    53    69  31.8,2058.29 USDT  19.81%
NormalizerStrategy,236,-1.05,-247.48,-3917.329,-39.17,13.0167 hours,47     0   189  19.9,3949.437 USDT  39.65%
NotAnotherSMAOffSetStrategy_V2,437,-0.51,-220.91,-3916.248,-39.16,48.95 hours,207   198    32  47.4,4131.472 USDT  41.17%
NotAnotherSMAOffsetStrategyHO,830,-0.45,-372.00,-6106.006,-61.06,48.75 hours,389   367    74  46.9,6678.734 USDT  64.13%
NotAnotherSMAOffsetStrategyHOv3,749,0.24,179.14,-1080.408,-10.80,72.8 hours,661     0    88  88.3,10231.909 USDT  62.98%
NotAnotherSMAOffsetStrategyLite,955,-1.05,-999.98,-8754.002,-87.54,23.8167 hours,688     0   267  72.0,9080.494 USDT  88.84%
NotAnotherSMAOffsetStrategyModHO,809,-1.18,-958.29,-9089.564,-90.90,72.65 hours,300     0   509  37.1,9264.126 USDT  92.10%
NotAnotherSMAOffsetStrategyModHO_LamineDz_20210901,754,-1.06,-802.71,-8496.762,-84.97,72.6333 hours,284     0   470  37.7,8746.882 USDT  86.96%
NotAnotherSMAOffsetStrategyX1,782,-1.98,-1544.53,-9672.428,-96.72,24.7167 hours,23   275   484   2.9,9653.238 USDT  96.72%
NotAnotherSMAOffsetStrategy,862,-0.20,-173.87,-4612.118,-46.12,48.4333 hours,421   378    63  48.8,9129.985 USDT  64.42%
NotAnotherSMAOffsetStrategy_uzi3,949,-0.71,-673.75,-7974.262,-79.74,24.25 hours,776     0   173  81.8,8513.476 USDT  82.82%
NotAnotherSMAOffsetStrategy_uzi,1485,-1.01,-1495.59,-9529.322,-95.29,11.45 hours,647   389   449  43.6,9670.664 USDT  95.40%
NowoIchimoku1hV2,105,2.23,233.75,5681.692,56.82,96.9167 hours,51    49     5  48.6,1145.618 USDT  7.51%
ONUR,318,3.15,1000.50,47866.299,478.66,672.383 hours,313     0     5  98.4,63111.812 USDT  52.17%
ObeliskIM_v1_1,0,0.00,0.00,0,0.00,0 hours,0     0     0     0,0 USDT  0.00%
Obelisk_TradePro_Ichi_v1_1,144,1.63,235.07,3584.799,35.85,72.8333 hours,8     0   136   5.6,2805.954 USDT  18.44%
Obelisk_TradePro_Ichi_v2_1,521,-0.26,-134.90,-2844.757,-28.45,24 hours,335     0   186  64.3,4687.479 USDT  45.46%
PRICEFOLLOWING2,3,2.35,7.04,140.021,1.40,24 hours,3     0     0   100,0 USDT  0.00%
PRICEFOLLOWINGX,12,1.03,12.38,248.095,2.48,24 hours,12     0     0   100,0 USDT  0.00%
PRICEFOLLOWING,0,0.00,0.00,0,0.00,0 hours,0     0     0     0,0 USDT  0.00%
PatternRecognition,471,1.54,725.92,12573.266,125.73,288.217 hours,356    36    79  75.6,25018.662 USDT  71.98%
Persia,1355,-1.08,-1464.94,-9569.429,-95.69,48.9 hours,289   924   142  21.3,10030.496 USDT  95.88%
PowerTower,1034,-0.80,-827.61,-8537.211,-85.37,72.1667 hours,209   753    72  20.2,8999.312 USDT  86.02%
PrawnstarOBV,2401,1.22,2932.46,1106875.404,11068.75,48.9833 hours,1863     1   537  77.6,295987.253 USDT  63.16%
PumpDetector,129,1.12,144.44,-1126.143,-11.26,744.95 hours,81     0    48  62.8,8578.557 USDT  61.27%
Quickie,264,-0.47,-124.58,-2635.916,-26.36,96.45 hours,244     0    20  92.4,4831.358 USDT  42.20%
RSIBB02,16,4.10,65.61,1360.794,13.61,24.5 hours,7     9     0   100,0 USDT  0.00%
RalliV1,1150,0.07,76.18,-126.792,-1.27,15.75 hours,454   447   249  39.5,4836.662 USDT  37.80%
RalliV1_disable56,1128,0.07,83.16,227.899,2.28,15.7833 hours,444   440   244  39.4,5086.925 USDT  37.88%
ReinforcedAverageStrategy,93,2.39,222.68,2900.374,29.00,336.283 hours,31     0    62  33.3,10518.915 USDT  46.61%
ReinforcedQuickie,1,-5.11,-5.11,-101.314,-1.01,0 hours,0     0     1     0,0 USDT  0.00%
ReinforcedSmoothScalp,3,2.00,5.99,119.260,1.19,24 hours,3     0     0   100,0 USDT  0.00%
Renko,35,90.86,3180.22,166588.073,1665.88,5904.08 hours,30     0     5  85.7,165062.498 USDT  48.31%
RobotradingBody,285,1.74,497.19,15142.983,151.43,24.5833 hours,196     0    89  68.8,4035.951 USDT  15.65%
Roth01,89,0.13,11.39,58.080,0.58,24.4667 hours,26    57     6  29.2,1294.868 USDT  11.78%
Roth03,0,0.00,0.00,0,0.00,0 hours,0     0     0     0,0 USDT  0.00%
SMAIP3,160,-2.45,-392.74,-5771.368,-57.71,96.7 hours,30   114    16  18.8,5826.996 USDT  57.95%
SMAIP3v2,147,-0.26,-38.76,-960.310,-9.60,48.6333 hours,124     0    23  84.4,1657.822 USDT  16.41%
SMAOG,437,-0.88,-386.39,-6138.437,-61.38,48.2167 hours,377     0    60  86.3,10273.27 USDT  76.14%
SMAOPv1_TTF,217,0.46,99.73,-2833.406,-28.33,456.667 hours,148     0    69  68.2,15282.063 USDT  76.63%
SMAOffsetProtectOptV0,406,-1.45,-589.95,-8206.007,-82.06,192.45 hours,329     0    77  81.0,8763.071 USDT  84.99%
SMAOffsetProtectOptV1HO1,918,-0.79,-726.15,-8803.478,-88.03,72.0167 hours,264   533   121  28.8,8941.475 USDT  88.66%
SMAOffsetProtectOptV1Mod2,816,-0.61,-494.98,-7614.158,-76.14,72.8833 hours,742     0    74  90.9,8250.61 USDT  79.67%
SMAOffsetProtectOptV1Mod,816,-0.61,-494.98,-7614.158,-76.14,72.8833 hours,742     0    74  90.9,8250.61 USDT  79.67%
SMAOffsetProtectOptV1,316,-1.04,-329.76,-6739.880,-67.40,264.183 hours,257     0    59  81.3,10086.127 USDT  78.98%
SMAOffsetProtectOptV1_kkeue_20210619,816,-0.61,-494.98,-7614.158,-76.14,72.8833 hours,742     0    74  90.9,8250.61 USDT  79.67%
SMAOffsetProtectOpt,694,-1.27,-879.28,-9069.525,-90.70,96.95 hours,150   499    45  21.6,9101.85 USDT  90.73%
SMAOffset,273,0.64,175.25,-2628.615,-26.29,432.4 hours,185     0    88  67.8,15167.532 USDT  73.53%
SMA_BBRSI,1881,-0.18,-333.72,-5334.139,-53.34,10.5833 hours,1225     0   656  65.1,6341.188 USDT  58.05%
SRsi,787,-0.72,-566.41,-6968.823,-69.69,24.0333 hours,694     0    93  88.2,7700.359 USDT  74.28%
STRATEGY_RSI_BB_BOUNDS_CROSS,7,-0.43,-3.03,-62.922,-0.63,13.7167 hours,5     0     2  71.4,75.127 USDT  0.76%
STRATEGY_RSI_BB_CROSS,75,-1.80,-135.28,-2417.030,-24.17,24.6833 hours,52     0    23  69.3,2428.473 USDT  24.68%
SampleStrategy,81,0.57,45.89,915.576,9.16,48.4833 hours,70     0    11  86.4,873.126 USDT  7.82%
Saturn5,141,-0.79,-110.97,-2443.800,-24.44,192.083 hours,108     0    33  76.6,3759.849 USDT  34.56%
Scalp,106,-1.55,-164.28,-2793.269,-27.93,5.43333 hours,53     0    53  50.0,2915.92 USDT  29.04%
Seb,112,0.19,20.76,355.541,3.56,24.15 hours,93     0    19  83.0,759.118 USDT  7.27%
Simple,975,-0.05,-46.22,-2172.650,-21.73,24.1833 hours,936     0    39  96.0,8038.542 USDT  56.17%
Slowbro,22,56.40,1240.73,29599.419,295.99,8928.63 hours,17     0     5  77.3,36889.577 USDT  48.23%
SmoothOperator,71,-1.33,-94.13,-1762.114,-17.62,120.733 hours,18     0    53  25.4,2531.761 USDT  24.85%
SmoothScalp,19,0.57,10.76,214.332,2.14,20.2167 hours,18     0     1  94.7,147.807 USDT  1.43%
Stavix2,1,-10.16,-10.16,-201.362,-2.01,0 hours,0     0     1     0,0 USDT  0.00%
StochRSITEMA,11,-1.67,-18.41,-359.072,-3.59,2.18333 hours,0     1    10     0,348.906 USDT  3.49%
Strategy001,112,0.19,20.76,355.541,3.56,24.15 hours,93     0    19  83.0,759.118 USDT  7.27%
Strategy001_custom_exit,112,0.23,25.82,459.266,4.59,24.7167 hours,93     0    19  83.0,714.907 USDT  6.82%
Strategy001_custom_sell,112,0.23,25.82,459.266,4.59,24.7167 hours,93     0    19  83.0,714.907 USDT  6.82%
Strategy002,2,-4.58,-9.16,-181.877,-1.82,24 hours,1     0     1  50.0,201.677 USDT  2.01%
Strategy003,1,5.00,5.00,98.998,0.99,0 hours,1     0     0   100,0 USDT  0.00%
Strategy004,21,-1.29,-27.15,-541.008,-5.41,18.2833 hours,14     0     7  66.7,505.6 USDT  5.10%
Strategy005,5,1.82,9.08,177.684,1.78,4.8 hours,4     0     1  80.0,209.562 USDT  2.02%
StrategyScalpingFast2,298,-1.08,-321.94,-5227.215,-52.27,48.9333 hours,67   211    20  22.5,5779.54 USDT  56.72%
StrategyScalpingFast,19,1.00,18.98,382.907,3.83,24.5333 hours,19     0     0   100,0 USDT  0.00%
SuperHV27,133,0.08,11.07,-189.006,-1.89,48.8167 hours,43    83     7  32.3,2662.707 USDT  23.21%
SuperTrendPure,278,-0.11,-29.39,-965.134,-9.65,48.9333 hours,141   100    37  50.7,5762.785 USDT  40.08%
SupertrendStrategy,87,51.05,4441.77,431451.437,4314.51,1320.1 hours,39     0    48  44.8,185006.609 USDT  48.04%
Supertrend,1202,0.54,650.35,15389.026,153.89,72.35 hours,670   426   106  55.7,34176.824 USDT  68.95%
SwingHighToSky,146,-1.91,-278.15,-4721.316,-47.21,72.2167 hours,39    93    14  26.7,6182.065 USDT  54.76%
SwingHigh,34,-3.12,-105.92,-1952.184,-19.52,48.2333 hours,5    24     5  14.7,1954.387 USDT  19.54%
TDSequentialStrategy,252,2.13,536.87,11015.641,110.16,192.433 hours,50     0   202  19.8,9464.606 USDT  44.55%
TEMA,1344,-0.62,-826.79,-8366.018,-83.66,24.25 hours,1036     0   308  77.1,8447.954 USDT  84.31%
TechnicalExampleStrategy,2379,-1.29,-3064.43,-9978.600,-99.79,4.1 hours,1492     0   887  62.7,10097.985 USDT  99.79%
TemaMaster3,36,1.90,68.49,917.751,9.18,216.667 hours,13     0    23  36.1,1988.729 USDT  18.32%
TemaMaster,70,-0.67,-46.76,-993.623,-9.94,96.15 hours,38    19    13  54.3,1648.488 USDT  15.68%
TemaPureNeat,44,-2.11,-92.99,-1721.525,-17.22,72.1833 hours,18    11    15  40.9,1904.345 USDT  18.70%
TemaPureTwo,89,-0.77,-68.10,-1319.860,-13.20,72.7 hours,70     0    19  78.7,2725.932 USDT  24.16%
TemaPure,71,-0.97,-69.02,-1302.187,-13.02,24.8667 hours,13    47    11  18.3,1434.372 USDT  14.16%
TheForce,1458,-0.72,-1055.99,-8774.545,-87.75,1.25 hours,490     0   968  33.6,8749.606 USDT  87.79%
TheRealPullbackV2,17,3.98,67.67,1247.154,12.47,168 hours,4     0    13  23.5,592.777 USDT  5.01%
TrailingBuyStrat2,622,0.10,59.66,86.683,0.87,24.3167 hours,201     0   421  32.3,8449.408 USDT  47.96%
Trend_Strength_Directional,2068,-0.77,-1598.74,-9790.402,-97.90,72.7167 hours,456  1495   117  22.1,12017.899 USDT  98.81%
TrixStrategy,312,7.10,2216.51,166890.771,1668.91,432 hours,142     0   170  45.5,343258.192 USDT  74.45%
TrixV15Strategy,48,-0.38,-18.45,-406.092,-4.06,48 hours,11    35     2  22.9,957.945 USDT  9.53%
TrixV21Strategy,21,-0.46,-9.63,-225.890,-2.26,72.85 hours,19     0     2  90.5,521.511 USDT  5.18%
UltimateMomentumIndicator,24,227.79,5466.93,101121.623,1011.22,7512 hours,13     0    11  54.2,44944.476 USDT  41.41%
UniversalMACD,196,-0.61,-120.13,-2217.296,-22.17,72.7167 hours,36   154     6  18.4,2742.544 USDT  26.72%
Uptrend,2353,-0.02,-46.40,-2393.622,-23.94,13.9833 hours,1285     0  1068  54.6,5578.365 USDT  49.17%
UziChan2,99,-0.29,-28.83,-682.159,-6.82,48.4 hours,65     0    34  65.7,2072.603 USDT  19.03%
UziChan,97,0.35,34.32,488.672,4.89,96.7 hours,56     0    41  57.7,1786.245 USDT  15.95%
VWAP,335,-0.15,-50.38,-1247.700,-12.48,24.7833 hours,293     0    42  87.5,2899.48 USDT  27.21%
WaveTrendStra,750,3.58,2684.82,465822.588,4658.23,144.883 hours,286     0   464  38.1,246487.724 USDT  54.77%
XebTradeStrat,620,-0.74,-460.33,-5990.212,-59.90,0.0833333 hours,122     0   498  19.7,5988.725 USDT  60.03%
YOLO,0,0.00,0.00,0,0.00,0 hours,0     0     0     0,0 USDT  0.00%
adaptive,552,-0.75,-415.84,-5827.922,-58.28,24.9167 hours,435     0   117  78.8,6398.85 USDT  62.93%
adx_opt_strat,0,0.00,0.00,0,0.00,0 hours,0     0     0     0,0 USDT  0.00%
adxbbrsi2,9,2.29,20.63,412.013,4.12,72.6667 hours,3     6     0   100,0 USDT  0.00%
bb_rsi_opt_new,8,4.17,33.37,665.253,6.65,21 hours,3     5     0   100,0 USDT  0.00%
bbrsi1_strategy,166,-1.34,-223.00,-3666.790,-36.67,16.6333 hours,111     0    55  66.9,4360.161 USDT  42.35%
bbrsi4Freq,100,1.40,140.45,2823.773,28.24,24.1167 hours,33    55    12  33.0,2833.544 USDT  18.90%
bestV2,828,-0.75,-621.09,-8242.881,-82.43,72.7833 hours,628     0   200  75.8,9461.333 USDT  88.94%
botbaby,158,-0.69,-109.18,-1947.708,-19.48,0 hours,16     0   142  10.1,1933.609 USDT  19.36%
conny,77,-0.91,-70.23,-1314.915,-13.15,10.2833 hours,13     5    59  16.9,1673.544 USDT  16.20%
e6v34,364,0.03,12.23,-299.621,-3.00,48.0167 hours,176    89    99  48.4,4340.958 USDT  33.17%
ema,214,11.09,2373.48,191217.095,1912.17,576.6 hours,87     0   127  40.7,182149.407 USDT  63.04%
epretrace,166,12.12,2011.15,142458.771,1424.59,1104.37 hours,101     0    65  60.8,154221.748 USDT  64.14%
flawless_lambo,63,1.86,116.93,2562.736,25.63,48.7667 hours,42     0    21  66.7,347.544 USDT  2.71%
hansencandlepatternV1,305,3.72,1134.32,48288.356,482.88,144.633 hours,108     0   197  35.4,15421.425 USDT  30.32%
heikin,730,3.02,2201.76,175732.425,1757.32,168.783 hours,264     0   466  36.2,124541.547 USDT  63.71%
hlhb,81,-0.93,-75.20,-1482.868,-14.83,72.6333 hours,61     9    11  75.3,2103.131 USDT  19.80%
ichiV1,1483,3.72,5516.68,90562810.293,905628.10,11.6667 hours,1088   354    41  73.4,1032069.352 USDT  1.54%
keltnerchannel,253,10.49,2654.45,397946.279,3979.46,384.95 hours,108     0   145  42.7,100523.165 USDT  31.58%
mabStra,115,-1.65,-189.96,-3254.667,-32.55,48.9833 hours,25    79    11  21.7,3626.22 USDT  34.97%
macd_recovery,68,-0.15,-9.88,-209.511,-2.10,10.9333 hours,40     2    26  58.8,432.063 USDT  4.27%
mark_strat,442,-0.77,-339.49,-5376.819,-53.77,48.8167 hours,191   210    41  43.2,7393.602 USDT  62.51%
mark_strat_opt,0,0.00,0.00,0,0.00,0 hours,0     0     0     0,0 USDT  0.00%
quantumfirst,27,-1.63,-44.03,-862.108,-8.62,6.21667 hours,16     0    11  59.3,767.809 USDT  7.84%
redditMA,178,-1.31,-233.78,-4431.547,-44.32,168.733 hours,167     0    11  93.8,5129.17 USDT  49.38%
stoploss,89,0.49,43.51,858.422,8.58,24.3833 hours,76     0    13  85.4,846.825 USDT  7.64%
stratfib,1,4.00,4.00,79.199,0.79,0 hours,1     0     0   100,0 USDT  0.00%
wtc,98,1.35,132.74,2717.942,27.18,96.65 hours,53    22    23  54.1,2279.788 USDT  17.29%
